Año,Mes,Matrícula Oficial,% Asistencia Validada,Calificaciones Consolidadas,Observaciones
2026,3,237,90.92,5.06,Expedita dignissimos quasi amet possimus.
2026,4,242,92.02,5.08,
2026,5,239,90.35,5.2,Fugit veniam quidem.
2026,6,239,92.06,4.97,Sunt amet nostrum hic reprehenderit quas.
2026,7,245,92.59,5.14,Fugiat facere aliquid.
2026,8,237,91.86,4.81,Nobis ad cupiditate aperiam.
2026,8,150,92.0,,"Taller recreativo, que promueve el liderazgo y reduce el estrés de los niños"
2026,9,241,88.18,4.85,Maxime molestiae id doloremque.
2026,10,240,89.93,5.15,
